{
    "TheRealWeeLad": 1610496544.1566296,
    "\ub098\ub294 \ud55c\uad6d\uc5b4\ub97c \ubab0\ub77c": 1610422865.565837,
    "Whiteboy_brick": 1610423382.7618806,
    "sandels": 1610497872.8343575,
    "SavageSimdog": 1610498393.9460495
}